"fund_id","trade_date","nav_unit"
"513050","2022-03-03 00:00:00","1.0599"
"513050","2022-03-02 00:00:00","1.0936"
"513050","2022-03-01 00:00:00","1.1031"
"513050","2022-02-28 00:00:00","1.0901"
"513050","2022-02-25 00:00:00","1.1034"
"513050","2022-02-24 00:00:00","1.1026"
"513050","2022-02-23 00:00:00","1.126"
"513050","2022-02-22 00:00:00","1.1353"
"513050","2022-02-21 00:00:00","1.1662"
"513050","2022-02-18 00:00:00","1.1944"
"513050","2022-02-17 00:00:00","1.2545"
"513050","2022-02-16 00:00:00","1.2575"
"513050","2022-02-15 00:00:00","1.2513"
"513050","2022-02-14 00:00:00","1.2376"
"513050","2022-02-11 00:00:00","1.2533"
"513050","2022-02-10 00:00:00","1.2787"
"513050","2022-02-09 00:00:00","1.2835"
"513050","2022-02-08 00:00:00","1.2385"
"513050","2022-02-07 00:00:00","1.2214"
"513050","2022-01-28 00:00:00","1.1796"
"513050","2022-01-27 00:00:00","1.1643"
"513050","2022-01-26 00:00:00","1.2034"
"513050","2022-01-25 00:00:00","1.2227"
"513050","2022-01-24 00:00:00","1.2371"
"513050","2022-01-21 00:00:00","1.265"
"513050","2022-01-20 00:00:00","1.292"
"513050","2022-01-19 00:00:00","1.2281"
"513050","2022-01-18 00:00:00","1.2253"
"513050","2022-01-17 00:00:00","1.2476"
"513050","2022-01-14 00:00:00","1.2597"
"513050","2022-01-13 00:00:00","1.2562"
"513050","2022-01-12 00:00:00","1.2948"
"513050","2022-01-11 00:00:00","1.2454"
"513050","2022-01-10 00:00:00","1.2137"
"513050","2022-01-07 00:00:00","1.2022"
"513050","2022-01-06 00:00:00","1.1785"
"513050","2022-01-05 00:00:00","1.1433"
"513050","2022-01-04 00:00:00","1.186"
"513050","2021-12-31 00:00:00","1.2147"
"513050","2021-12-30 00:00:00","1.2061"
"513050","2021-12-29 00:00:00","1.1565"
"513050","2021-12-28 00:00:00","1.1849"
"513050","2021-12-27 00:00:00","1.2028"
"513050","2021-12-24 00:00:00","1.2094"
"513050","2021-12-23 00:00:00","1.2105"
"513050","2021-12-22 00:00:00","1.2044"
"513050","2021-12-21 00:00:00","1.2148"
"513050","2021-12-20 00:00:00","1.1622"
"513050","2021-12-17 00:00:00","1.2027"
"513050","2021-12-16 00:00:00","1.2242"
"513050","2021-12-15 00:00:00","1.2402"
"513050","2021-12-14 00:00:00","1.2667"
"513050","2021-12-13 00:00:00","1.2709"
"513050","2021-12-10 00:00:00","1.2819"
"513050","2021-12-09 00:00:00","1.2847"
"513050","2021-12-08 00:00:00","1.2852"
"513050","2021-12-07 00:00:00","1.2849"
"513050","2021-12-06 00:00:00","1.2371"
"513050","2021-12-03 00:00:00","1.2295"
"513050","2021-12-02 00:00:00","1.2904"
"513050","2021-12-01 00:00:00","1.2906"
"513050","2021-11-30 00:00:00","1.2935"
"513050","2021-11-29 00:00:00","1.3209"
"513050","2021-11-26 00:00:00","1.3439"
"513050","2021-11-25 00:00:00","1.387"
"513050","2021-11-24 00:00:00","1.3795"
"513050","2021-11-23 00:00:00","1.3747"
"513050","2021-11-22 00:00:00","1.4006"
"513050","2021-11-19 00:00:00","1.4222"
"513050","2021-11-18 00:00:00","1.4321"
"513050","2021-11-17 00:00:00","1.4971"
"513050","2021-11-16 00:00:00","1.5224"
"513050","2021-11-15 00:00:00","1.4965"
"513050","2021-11-12 00:00:00","1.5003"
"513050","2021-11-11 00:00:00","1.4862"
"513050","2021-11-10 00:00:00","1.4518"
"513050","2021-11-09 00:00:00","1.4131"
"513050","2021-11-08 00:00:00","1.4182"
"513050","2021-11-05 00:00:00","1.4156"
"513050","2021-11-04 00:00:00","1.4538"
"513050","2021-11-03 00:00:00","1.4516"
"513050","2021-11-02 00:00:00","1.4342"
"513050","2021-11-01 00:00:00","1.4667"
"513050","2021-10-29 00:00:00","1.4436"
"513050","2021-10-28 00:00:00","1.478"
"513050","2021-10-27 00:00:00","1.4725"
"513050","2021-10-26 00:00:00","1.5056"
"513050","2021-10-25 00:00:00","1.5461"
"513050","2021-10-22 00:00:00","1.5579"
"513050","2021-10-21 00:00:00","1.5503"
"513050","2021-10-20 00:00:00","1.5641"
"513050","2021-10-19 00:00:00","1.5448"
"513050","2021-10-18 00:00:00","1.4989"
"513050","2021-10-15 00:00:00","1.496"
"513050","2021-10-14 00:00:00","1.4712"
"513050","2021-10-13 00:00:00","1.4829"
"513050","2021-10-12 00:00:00","1.459"
"513050","2021-10-11 00:00:00","1.4874"
"513050","2021-10-08 00:00:00","1.4535"
"513050","2021-09-30 00:00:00","1.3837"
"513050","2021-09-29 00:00:00","1.3799"
"513050","2021-09-28 00:00:00","1.4019"
"513050","2021-09-27 00:00:00","1.3995"
"513050","2021-09-24 00:00:00","1.3751"
"513050","2021-09-23 00:00:00","1.4068"
"513050","2021-09-22 00:00:00","1.3862"
"513050","2021-09-17 00:00:00","1.4275"
"513050","2021-09-16 00:00:00","1.3924"
"513050","2021-09-15 00:00:00","1.4055"
"513050","2021-09-14 00:00:00","1.4437"
"513050","2021-09-13 00:00:00","1.474"
"513050","2021-09-10 00:00:00","1.5095"
"513050","2021-09-09 00:00:00","1.4912"
"513050","2021-09-08 00:00:00","1.558"
"513050","2021-09-07 00:00:00","1.5675"
"513050","2021-09-06 00:00:00","1.5235"
"513050","2021-09-03 00:00:00","1.5086"
"513050","2021-09-02 00:00:00","1.5269"
"513050","2021-09-01 00:00:00","1.5278"
"513050","2021-08-31 00:00:00","1.487"
"513050","2021-08-30 00:00:00","1.4293"
"513050","2021-08-27 00:00:00","1.424"
"513050","2021-08-26 00:00:00","1.4431"
"513050","2021-08-25 00:00:00","1.4615"
"513050","2021-08-24 00:00:00","1.4632"
"513050","2021-08-23 00:00:00","1.3431"
"513050","2021-08-20 00:00:00","1.3122"
"513050","2021-08-19 00:00:00","1.318"
"513050","2021-08-18 00:00:00","1.3889"
"513050","2021-08-17 00:00:00","1.3804"
"513050","2021-08-16 00:00:00","1.4339"
"513050","2021-08-13 00:00:00","1.4884"
"513050","2021-08-12 00:00:00","1.5207"
"513050","2021-08-11 00:00:00","1.542"
"513050","2021-08-10 00:00:00","1.5517"
"513050","2021-08-09 00:00:00","1.5118"
"513050","2021-08-06 00:00:00","1.4834"
"513050","2021-08-05 00:00:00","1.4822"
"513050","2021-08-04 00:00:00","1.513"
"513050","2021-08-03 00:00:00","1.489"
"513050","2021-08-02 00:00:00","1.5397"
"513050","2021-07-30 00:00:00","1.5253"
"513050","2021-07-29 00:00:00","1.5706"
"513050","2021-07-28 00:00:00","1.5042"
"513050","2021-07-27 00:00:00","1.4274"
"513050","2021-07-26 00:00:00","1.5387"
"513050","2021-07-23 00:00:00","1.6794"
"513050","2021-07-22 00:00:00","1.7551"
"513050","2021-07-21 00:00:00","1.7402"
"513050","2021-07-20 00:00:00","1.7447"
"513050","2021-07-19 00:00:00","1.7473"
"513050","2021-07-16 00:00:00","1.7904"
"513050","2021-07-15 00:00:00","1.8055"
"513050","2021-07-14 00:00:00","1.7925"
"513050","2021-07-13 00:00:00","1.794"
"513050","2021-07-12 00:00:00","1.7436"
"513050","2021-07-09 00:00:00","1.7457"
"513050","2021-07-08 00:00:00","1.6959"
"513050","2021-07-07 00:00:00","1.7648"
"513050","2021-07-06 00:00:00","1.7931"
"513050","2021-07-05 00:00:00","1.8267"
"513050","2021-07-02 00:00:00","1.8638"
"513050","2021-07-01 00:00:00","1.9099"
"513050","2021-06-30 00:00:00","1.9286"
"513050","2021-06-29 00:00:00","1.9538"
"513050","2021-06-28 00:00:00","1.9519"
"513050","2021-06-25 00:00:00","1.9621"
"513050","2021-06-24 00:00:00","1.9048"
"513050","2021-06-23 00:00:00","1.8719"
"513050","2021-06-22 00:00:00","1.8332"
"513050","2021-06-21 00:00:00","1.8597"
"513050","2021-06-18 00:00:00","1.8748"
"513050","2021-06-17 00:00:00","1.8595"
"513050","2021-06-16 00:00:00","1.842"
"513050","2021-06-15 00:00:00","1.8634"
"513050","2021-06-11 00:00:00","1.8669"
"513050","2021-06-10 00:00:00","1.8739"
"513050","2021-06-09 00:00:00","1.8703"
"513050","2021-06-08 00:00:00","1.8763"
"513050","2021-06-07 00:00:00","1.8823"
"513050","2021-06-04 00:00:00","1.9172"
"513050","2021-06-03 00:00:00","1.9143"
"513050","2021-06-02 00:00:00","1.9519"
"513050","2021-06-01 00:00:00","1.9572"
"513050","2021-05-31 00:00:00","1.9019"
"513050","2021-05-28 00:00:00","1.8731"
"513050","2021-05-27 00:00:00","1.8798"
"513050","2021-05-26 00:00:00","1.898"
"513050","2021-05-25 00:00:00","1.8957"
"513050","2021-05-24 00:00:00","1.8653"
"513050","2021-05-21 00:00:00","1.8796"
"513050","2021-05-20 00:00:00","1.9196"
"513050","2021-05-19 00:00:00","1.8786"
"513050","2021-05-18 00:00:00","1.8798"
"513050","2021-05-17 00:00:00","1.8523"
"513050","2021-05-14 00:00:00","1.8271"
"513050","2021-05-13 00:00:00","1.8053"
"513050","2021-05-12 00:00:00","1.8758"
"513050","2021-05-11 00:00:00","1.863"
"513050","2021-05-10 00:00:00","1.8795"
"513050","2021-05-07 00:00:00","1.9447"
"513050","2021-05-06 00:00:00","1.9735"
"513050","2021-04-30 00:00:00","2.0163"
"513050","2021-04-29 00:00:00","2.0553"
"513050","2021-04-28 00:00:00","2.0771"
"513050","2021-04-27 00:00:00","2.0765"
"513050","2021-04-26 00:00:00","2.0663"
"513050","2021-04-23 00:00:00","2.0648"
"513050","2021-04-22 00:00:00","2.0187"
"513050","2021-04-21 00:00:00","1.9959"
"513050","2021-04-20 00:00:00","2.0081"
"513050","2021-04-19 00:00:00","2.035"
"513050","2021-04-16 00:00:00","2.0481"
"513050","2021-04-15 00:00:00","2.0281"
"513050","2021-04-14 00:00:00","2.0426"
"513050","2021-04-13 00:00:00","2.0324"
"513050","2021-04-12 00:00:00","2.0576"
"513050","2021-04-09 00:00:00","2.0436"
"513050","2021-04-08 00:00:00","2.0708"
"513050","2021-04-07 00:00:00","2.0659"
"513050","2021-04-06 00:00:00","2.1371"
"513050","2021-04-02 00:00:00","2.1191"
"513050","2021-04-01 00:00:00","2.1173"
"513050","2021-03-31 00:00:00","2.0399"
"513050","2021-03-30 00:00:00","2.0397"
"513050","2021-03-29 00:00:00","2.0127"
"513050","2021-03-26 00:00:00","2.0355"
"513050","2021-03-25 00:00:00","1.9908"
"513050","2021-03-24 00:00:00","2.0413"
"513050","2021-03-23 00:00:00","2.1275"
"513050","2021-03-22 00:00:00","2.1658"
"513050","2021-03-19 00:00:00","2.172"
"513050","2021-03-18 00:00:00","2.17"
"513050","2021-03-17 00:00:00","2.1646"
"513050","2021-03-16 00:00:00","2.1616"
"513050","2021-03-15 00:00:00","2.1391"
"513050","2021-03-12 00:00:00","2.1712"
"513050","2021-03-11 00:00:00","2.2424"
"513050","2021-03-10 00:00:00","2.1515"
"513050","2021-03-09 00:00:00","2.1599"
"513050","2021-03-08 00:00:00","2.071"
"513050","2021-03-05 00:00:00","2.2114"
"513050","2021-03-04 00:00:00","2.2211"
"513050","2021-03-03 00:00:00","2.3243"
"513050","2021-03-02 00:00:00","2.3151"
"513050","2021-03-01 00:00:00","2.3472"
"513050","2021-02-26 00:00:00","2.2502"
"513050","2021-02-25 00:00:00","2.3187"
"513050","2021-02-24 00:00:00","2.3536"
"513050","2021-02-23 00:00:00","2.4303"
"513050","2021-02-22 00:00:00","2.4581"
"513050","2021-02-19 00:00:00","2.5636"
"513050","2021-02-18 00:00:00","2.5439"
"513050","2021-02-10 00:00:00","2.5531"
"513050","2021-02-09 00:00:00","2.497"
"513050","2021-02-08 00:00:00","2.4642"
"513050","2021-02-05 00:00:00","2.4688"
"513050","2021-02-04 00:00:00","2.4632"
"513050","2021-02-03 00:00:00","2.4604"
"513050","2021-02-02 00:00:00","2.4091"
"513050","2021-02-01 00:00:00","2.3852"
"513050","2021-01-29 00:00:00","2.2853"
"513050","2021-01-28 00:00:00","2.3175"
"513050","2021-01-27 00:00:00","2.3446"
"513050","2021-01-26 00:00:00","2.4135"
"513050","2021-01-25 00:00:00","2.4823"
"513050","2021-01-22 00:00:00","2.3567"
"513050","2021-01-21 00:00:00","2.3504"
"513050","2021-01-20 00:00:00","2.3606"
"513050","2021-01-19 00:00:00","2.2553"
"513050","2021-01-18 00:00:00","2.1961"
"513050","2021-01-15 00:00:00","2.1622"
"513050","2021-01-14 00:00:00","2.1711"
"513050","2021-01-13 00:00:00","2.0998"
"513050","2021-01-12 00:00:00","2.0877"
"513050","2021-01-11 00:00:00","2.0882"
"513050","2021-01-08 00:00:00","2.1142"
"513050","2021-01-07 00:00:00","2.0492"
"513050","2021-01-06 00:00:00","2.0788"
"513050","2021-01-05 00:00:00","2.1136"
"513050","2021-01-04 00:00:00","2.0585"
"162605","2022-03-04 00:00:00","2.559"
"162605","2022-03-03 00:00:00","2.576"
"162605","2022-03-02 00:00:00","2.628"
"162605","2022-03-01 00:00:00","2.664"
"162605","2022-02-28 00:00:00","2.632"
"162605","2022-02-25 00:00:00","2.636"
"162605","2022-02-24 00:00:00","2.589"
"162605","2022-02-23 00:00:00","2.657"
"162605","2022-02-22 00:00:00","2.635"
"162605","2022-02-21 00:00:00","2.684"
"162605","2022-02-18 00:00:00","2.697"
"162605","2022-02-17 00:00:00","2.685"
"162605","2022-02-16 00:00:00","2.693"
"162605","2022-02-15 00:00:00","2.682"
"162605","2022-02-14 00:00:00","2.633"
"162605","2022-02-11 00:00:00","2.612"
"162605","2022-02-10 00:00:00","2.621"
"162605","2022-02-09 00:00:00","2.635"
"162605","2022-02-08 00:00:00","2.589"
"162605","2022-02-07 00:00:00","2.644"
"162605","2022-01-28 00:00:00","2.645"
"162605","2022-01-27 00:00:00","2.677"
"162605","2022-01-26 00:00:00","2.714"
"162605","2022-01-25 00:00:00","2.709"
"162605","2022-01-24 00:00:00","2.748"
"162605","2022-01-21 00:00:00","2.757"
"162605","2022-01-20 00:00:00","2.756"
"162605","2022-01-19 00:00:00","2.715"
"162605","2022-01-18 00:00:00","2.751"
"162605","2022-01-17 00:00:00","2.721"
"162605","2022-01-14 00:00:00","2.721"
"162605","2022-01-13 00:00:00","2.734"
"162605","2022-01-12 00:00:00","2.807"
"162605","2022-01-11 00:00:00","2.775"
"162605","2022-01-10 00:00:00","2.809"
"162605","2022-01-07 00:00:00","2.81"
"162605","2022-01-06 00:00:00","2.84"
"162605","2022-01-05 00:00:00","2.893"
"162605","2022-01-04 00:00:00","2.906"
"162605","2021-12-31 00:00:00","2.96"
"162605","2021-12-30 00:00:00","2.969"
"162605","2021-12-29 00:00:00","2.943"
"162605","2021-12-28 00:00:00","3.032"
"162605","2021-12-27 00:00:00","2.999"
"162605","2021-12-24 00:00:00","3.001"
"162605","2021-12-23 00:00:00","2.969"
"162605","2021-12-22 00:00:00","2.94"
"162605","2021-12-21 00:00:00","2.938"
"162605","2021-12-20 00:00:00","2.922"
"162605","2021-12-17 00:00:00","2.945"
"162605","2021-12-16 00:00:00","3.01"
"162605","2021-12-15 00:00:00","3.016"
"162605","2021-12-14 00:00:00","3.081"
"162605","2021-12-13 00:00:00","3.058"
"162605","2021-12-10 00:00:00","3.059"
"162605","2021-12-09 00:00:00","3.074"
"162605","2021-12-08 00:00:00","3.003"
"162605","2021-12-07 00:00:00","2.935"
"162605","2021-12-06 00:00:00","2.918"
"162605","2021-12-03 00:00:00","2.926"
"162605","2021-12-02 00:00:00","2.858"
"162605","2021-12-01 00:00:00","2.873"
"162605","2021-11-30 00:00:00","2.868"
"162605","2021-11-29 00:00:00","2.902"
"162605","2021-11-26 00:00:00","2.901"
"162605","2021-11-25 00:00:00","2.912"
"162605","2021-11-24 00:00:00","2.924"
"162605","2021-11-23 00:00:00","2.877"
"162605","2021-11-22 00:00:00","2.891"
"162605","2021-11-19 00:00:00","2.9"
"162605","2021-11-18 00:00:00","2.879"
"162605","2021-11-17 00:00:00","2.909"
"162605","2021-11-16 00:00:00","2.923"
"162605","2021-11-15 00:00:00","2.843"
"162605","2021-11-12 00:00:00","2.825"
"162605","2021-11-11 00:00:00","2.856"
"162605","2021-11-10 00:00:00","2.841"
"162605","2021-11-09 00:00:00","2.872"
"162605","2021-11-08 00:00:00","2.886"
"162605","2021-11-05 00:00:00","2.918"
"162605","2021-11-04 00:00:00","2.911"
"162605","2021-11-03 00:00:00","2.846"
"162605","2021-11-02 00:00:00","2.849"
"162605","2021-11-01 00:00:00","2.877"
"162605","2021-10-29 00:00:00","2.949"
"162605","2021-10-28 00:00:00","2.912"
"162605","2021-10-27 00:00:00","2.899"
"162605","2021-10-26 00:00:00","2.966"
"162605","2021-10-25 00:00:00","2.967"
"162605","2021-10-22 00:00:00","2.984"
"162605","2021-10-21 00:00:00","2.946"
"162605","2021-10-20 00:00:00","2.943"
"162605","2021-10-19 00:00:00","2.974"
"162605","2021-10-18 00:00:00","2.927"
"162605","2021-10-15 00:00:00","3.034"
"162605","2021-10-14 00:00:00","3.066"
"162605","2021-10-13 00:00:00","3.103"
"162605","2021-10-12 00:00:00","3.013"
"162605","2021-10-11 00:00:00","2.999"
"162605","2021-10-08 00:00:00","3.033"
"162605","2021-09-30 00:00:00","2.991"
"162605","2021-09-29 00:00:00","2.945"
"162605","2021-09-28 00:00:00","2.954"
"162605","2021-09-27 00:00:00","2.961"
"162605","2021-09-24 00:00:00","2.823"
"162605","2021-09-23 00:00:00","2.747"
"162605","2021-09-22 00:00:00","2.762"
"162605","2021-09-17 00:00:00","2.808"
"162605","2021-09-16 00:00:00","2.71"
"162605","2021-09-15 00:00:00","2.687"
"162605","2021-09-14 00:00:00","2.751"
"162605","2021-09-13 00:00:00","2.756"
"162605","2021-09-10 00:00:00","2.777"
"162605","2021-09-09 00:00:00","2.739"
"162605","2021-09-08 00:00:00","2.748"
"162605","2021-09-07 00:00:00","2.789"
"162605","2021-09-06 00:00:00","2.789"
"162605","2021-09-03 00:00:00","2.704"
"162605","2021-09-02 00:00:00","2.662"
"162605","2021-09-01 00:00:00","2.721"
"162605","2021-08-31 00:00:00","2.65"
"162605","2021-08-30 00:00:00","2.689"
"162605","2021-08-27 00:00:00","2.683"
"162605","2021-08-26 00:00:00","2.698"
"162605","2021-08-25 00:00:00","2.769"
"162605","2021-08-24 00:00:00","2.721"
"162605","2021-08-23 00:00:00","2.665"
"162605","2021-08-20 00:00:00","2.622"
"162605","2021-08-19 00:00:00","2.77"
"162605","2021-08-18 00:00:00","2.796"
"162605","2021-08-17 00:00:00","2.814"
"162605","2021-08-16 00:00:00","2.936"
"162605","2021-08-13 00:00:00","2.919"
"162605","2021-08-12 00:00:00","2.916"
"162605","2021-08-11 00:00:00","2.975"
"162605","2021-08-10 00:00:00","3.036"
"162605","2021-08-09 00:00:00","2.924"
"162605","2021-08-06 00:00:00","2.885"
"162605","2021-08-05 00:00:00","2.925"
"162605","2021-08-04 00:00:00","2.952"
"162605","2021-08-03 00:00:00","3.003"
"162605","2021-08-02 00:00:00","2.926"
"162605","2021-07-30 00:00:00","2.855"
"162605","2021-07-29 00:00:00","2.986"
"162605","2021-07-28 00:00:00","2.971"
"162605","2021-07-27 00:00:00","2.927"
"162605","2021-07-26 00:00:00","3.036"
"162605","2021-07-23 00:00:00","3.203"
"162605","2021-07-22 00:00:00","3.276"
"162605","2021-07-21 00:00:00","3.33"
"162605","2021-07-20 00:00:00","3.328"
"162605","2021-07-19 00:00:00","3.33"
"162605","2021-07-16 00:00:00","3.273"
"162605","2021-07-15 00:00:00","3.343"
"162605","2021-07-14 00:00:00","3.307"
"162605","2021-07-13 00:00:00","3.307"
"162605","2021-07-12 00:00:00","3.284"
"162605","2021-07-09 00:00:00","3.195"
"162605","2021-07-08 00:00:00","3.24"
"162605","2021-07-07 00:00:00","3.305"
"162605","2021-07-06 00:00:00","3.249"
"162605","2021-07-05 00:00:00","3.3"
"162605","2021-07-02 00:00:00","3.318"
"162605","2021-07-01 00:00:00","3.467"
"162605","2021-06-30 00:00:00","3.418"
"162605","2021-06-29 00:00:00","3.386"
"162605","2021-06-28 00:00:00","3.416"
"162605","2021-06-25 00:00:00","3.385"
"162605","2021-06-24 00:00:00","3.335"
"162605","2021-06-23 00:00:00","3.332"
"162605","2021-06-22 00:00:00","3.367"
"162605","2021-06-21 00:00:00","3.322"
"162605","2021-06-18 00:00:00","3.332"
"162605","2021-06-17 00:00:00","3.348"
"162605","2021-06-16 00:00:00","3.332"
"162605","2021-06-15 00:00:00","3.41"
"162605","2021-06-11 00:00:00","3.439"
"162605","2021-06-10 00:00:00","3.492"
"162605","2021-06-09 00:00:00","3.449"
"162605","2021-06-08 00:00:00","3.442"
"162605","2021-06-07 00:00:00","3.547"
"162605","2021-06-04 00:00:00","3.553"
"162605","2021-06-03 00:00:00","3.532"
"162605","2021-06-02 00:00:00","3.537"
"162605","2021-06-01 00:00:00","3.574"
"162605","2021-05-31 00:00:00","3.537"
"162605","2021-05-28 00:00:00","3.543"
"162605","2021-05-27 00:00:00","3.579"
"162605","2021-05-26 00:00:00","3.568"
"162605","2021-05-25 00:00:00","3.598"
"162605","2021-05-24 00:00:00","3.465"
"162605","2021-05-21 00:00:00","3.428"
"162605","2021-05-20 00:00:00","3.456"
"162605","2021-05-19 00:00:00","3.43"
"162605","2021-05-18 00:00:00","3.436"
"162605","2021-05-17 00:00:00","3.445"
"162605","2021-05-14 00:00:00","3.34"
"162605","2021-05-13 00:00:00","3.278"
"162605","2021-05-12 00:00:00","3.286"
"162605","2021-05-11 00:00:00","3.236"
"162605","2021-05-10 00:00:00","3.165"
"162605","2021-05-07 00:00:00","3.185"
"162605","2021-05-06 00:00:00","3.26"
"162605","2021-04-30 00:00:00","3.382"
"162605","2021-04-29 00:00:00","3.417"
"162605","2021-04-28 00:00:00","3.407"
"162605","2021-04-27 00:00:00","3.361"
"162605","2021-04-26 00:00:00","3.301"
"162605","2021-04-23 00:00:00","3.338"
"162605","2021-04-22 00:00:00","3.255"
"162605","2021-04-21 00:00:00","3.271"
"162605","2021-04-20 00:00:00","3.232"
"162605","2021-04-19 00:00:00","3.201"
"162605","2021-04-19 00:00:00","3.137"
"162605","2021-04-16 00:00:00","3.137"
"162605","2021-04-15 00:00:00","3.113"
"162605","2021-04-14 00:00:00","3.146"
"162605","2021-04-13 00:00:00","3.105"
"162605","2021-04-12 00:00:00","3.102"
"162605","2021-04-09 00:00:00","3.152"
"162605","2021-04-08 00:00:00","3.23"
"162605","2021-04-07 00:00:00","3.176"
"162605","2021-04-06 00:00:00","3.25"
"162605","2021-04-02 00:00:00","3.302"
"162605","2021-04-01 00:00:00","3.213"
"162605","2021-03-31 00:00:00","3.134"
"162605","2021-03-30 00:00:00","3.19"
"162605","2021-03-29 00:00:00","3.131"
"162605","2021-03-26 00:00:00","3.107"
"162605","2021-03-25 00:00:00","3.002"
"162605","2021-03-24 00:00:00","2.994"
"162605","2021-03-23 00:00:00","2.988"
"162605","2021-03-22 00:00:00","2.986"
"162605","2021-03-19 00:00:00","2.981"
"162605","2021-03-18 00:00:00","3.068"
"162605","2021-03-17 00:00:00","2.998"
"162605","2021-03-16 00:00:00","2.955"
"162605","2021-03-15 00:00:00","2.917"
"162605","2021-03-12 00:00:00","3.055"
"162605","2021-03-11 00:00:00","3.035"
"162605","2021-03-10 00:00:00","2.946"
"162605","2021-03-09 00:00:00","2.837"
"162605","2021-03-08 00:00:00","2.901"
"162605","2021-03-05 00:00:00","3.112"
"162605","2021-03-04 00:00:00","3.109"
"162605","2021-03-03 00:00:00","3.263"
"162605","2021-03-02 00:00:00","3.201"
"162605","2021-03-01 00:00:00","3.287"
"162605","2021-02-26 00:00:00","3.254"
"162605","2021-02-25 00:00:00","3.325"
"162605","2021-02-24 00:00:00","3.338"
"162605","2021-02-23 00:00:00","3.494"
"162605","2021-02-22 00:00:00","3.503"
"162605","2021-02-19 00:00:00","3.732"
"162605","2021-02-18 00:00:00","3.73"
"162605","2021-02-10 00:00:00","3.883"
"162605","2021-02-09 00:00:00","3.752"
"162605","2021-02-08 00:00:00","3.682"
"162605","2021-02-05 00:00:00","3.634"
"162605","2021-02-04 00:00:00","3.549"
"162605","2021-02-03 00:00:00","3.536"
"162605","2021-02-02 00:00:00","3.536"
"162605","2021-02-01 00:00:00","3.433"
"162605","2021-01-29 00:00:00","3.408"
"162605","2021-01-28 00:00:00","3.38"
"162605","2021-01-27 00:00:00","3.465"
"162605","2021-01-26 00:00:00","3.488"
"162605","2021-01-25 00:00:00","3.589"
"162605","2021-01-22 00:00:00","3.455"
"162605","2021-01-21 00:00:00","3.394"
"162605","2021-01-20 00:00:00","3.32"
"162605","2021-01-19 00:00:00","3.263"
"162605","2021-01-18 00:00:00","3.344"
"162605","2021-01-15 00:00:00","3.508"
"162605","2021-01-14 00:00:00","3.525"
"162605","2021-01-13 00:00:00","3.619"
"162605","2021-01-12 00:00:00","3.69"
"162605","2021-01-11 00:00:00","3.589"
"162605","2021-01-08 00:00:00","3.658"
"162605","2021-01-07 00:00:00","3.748"
"162605","2021-01-06 00:00:00","3.657"
"162605","2021-01-05 00:00:00","3.617"
"162605","2021-01-04 00:00:00","3.503"
"161725","2022-03-04 00:00:00","1.142"
"161725","2022-03-03 00:00:00","1.1553"
"161725","2022-03-02 00:00:00","1.1954"
"161725","2022-03-01 00:00:00","1.2066"
"161725","2022-02-28 00:00:00","1.1812"
"161725","2022-02-25 00:00:00","1.1758"
"161725","2022-02-24 00:00:00","1.1643"
"161725","2022-02-23 00:00:00","1.2066"
"161725","2022-02-22 00:00:00","1.1963"
"161725","2022-02-21 00:00:00","1.2232"
"161725","2022-02-18 00:00:00","1.2264"
"161725","2022-02-17 00:00:00","1.2178"
"161725","2022-02-16 00:00:00","1.2241"
"161725","2022-02-15 00:00:00","1.2185"
"161725","2022-02-14 00:00:00","1.2"
"161725","2022-02-11 00:00:00","1.183"
"161725","2022-02-10 00:00:00","1.1761"
"161725","2022-02-09 00:00:00","1.1829"
"161725","2022-02-08 00:00:00","1.1327"
"161725","2022-02-07 00:00:00","1.1637"
"161725","2022-01-28 00:00:00","1.1632"
"161725","2022-01-27 00:00:00","1.2013"
"161725","2022-01-26 00:00:00","1.2146"
"161725","2022-01-25 00:00:00","1.2007"
"161725","2022-01-24 00:00:00","1.2274"
"161725","2022-01-21 00:00:00","1.237"
"161725","2022-01-20 00:00:00","1.2215"
"161725","2022-01-19 00:00:00","1.2019"
"161725","2022-01-18 00:00:00","1.2137"
"161725","2022-01-17 00:00:00","1.1929"
"161725","2022-01-14 00:00:00","1.1867"
"161725","2022-01-13 00:00:00","1.1947"
"161725","2022-01-12 00:00:00","1.2357"
"161725","2022-01-11 00:00:00","1.2296"
"161725","2022-01-10 00:00:00","1.2435"
"161725","2022-01-07 00:00:00","1.2489"
"161725","2022-01-06 00:00:00","1.2729"
"161725","2022-01-05 00:00:00","1.2899"
"161725","2022-01-04 00:00:00","1.3007"
"161725","2021-12-31 00:00:00","1.3083"
"161725","2021-12-30 00:00:00","1.3668"
"161725","2021-12-29 00:00:00","1.3537"
"161725","2021-12-28 00:00:00","1.4207"
"161725","2021-12-27 00:00:00","1.4064"
"161725","2021-12-24 00:00:00","1.4178"
"161725","2021-12-23 00:00:00","1.4095"
"161725","2021-12-22 00:00:00","1.3796"
"161725","2021-12-21 00:00:00","1.3768"
"161725","2021-12-20 00:00:00","1.3889"
"161725","2021-12-17 00:00:00","1.385"
"161725","2021-12-16 00:00:00","1.424"
"161725","2021-12-15 00:00:00","1.4479"
"161725","2021-12-14 00:00:00","1.4666"
"161725","2021-12-13 00:00:00","1.4544"
"161725","2021-12-10 00:00:00","1.4403"
"161725","2021-12-09 00:00:00","1.4435"
"161725","2021-12-08 00:00:00","1.4523"
"161725","2021-12-07 00:00:00","1.3981"
"161725","2021-12-06 00:00:00","1.4003"
"161725","2021-12-03 00:00:00","1.4097"
"161725","2021-12-02 00:00:00","1.3696"
"161725","2021-12-01 00:00:00","1.3566"
"161725","2021-11-30 00:00:00","1.3488"
"161725","2021-11-29 00:00:00","1.3754"
"161725","2021-11-26 00:00:00","1.3662"
"161725","2021-11-25 00:00:00","1.3696"
"161725","2021-11-24 00:00:00","1.3764"
"161725","2021-11-23 00:00:00","1.3413"
"161725","2021-11-22 00:00:00","1.3439"
"161725","2021-11-19 00:00:00","1.3327"
"161725","2021-11-18 00:00:00","1.314"
"161725","2021-11-17 00:00:00","1.3121"
"161725","2021-11-16 00:00:00","1.3194"
"161725","2021-11-15 00:00:00","1.272"
"161725","2021-11-12 00:00:00","1.2686"
"161725","2021-11-11 00:00:00","1.2875"
"161725","2021-11-10 00:00:00","1.2867"
"161725","2021-11-09 00:00:00","1.3113"
"161725","2021-11-08 00:00:00","1.3231"
"161725","2021-11-05 00:00:00","1.324"
"161725","2021-11-04 00:00:00","1.3221"
"161725","2021-11-03 00:00:00","1.2697"
"161725","2021-11-02 00:00:00","1.2838"
"161725","2021-11-01 00:00:00","1.3073"
"161725","2021-10-29 00:00:00","1.3207"
"161725","2021-10-28 00:00:00","1.319"
"161725","2021-10-27 00:00:00","1.3094"
"161725","2021-10-26 00:00:00","1.3402"
"161725","2021-10-25 00:00:00","1.3413"
"161725","2021-10-22 00:00:00","1.3568"
"161725","2021-10-21 00:00:00","1.3436"
"161725","2021-10-20 00:00:00","1.3391"
"161725","2021-10-19 00:00:00","1.3295"
"161725","2021-10-18 00:00:00","1.2965"
"161725","2021-10-15 00:00:00","1.3931"
"161725","2021-10-14 00:00:00","1.4011"
"161725","2021-10-13 00:00:00","1.4044"
"161725","2021-10-12 00:00:00","1.3511"
"161725","2021-10-11 00:00:00","1.3467"
"161725","2021-10-08 00:00:00","1.3497"
"161725","2021-09-30 00:00:00","1.3113"
"161725","2021-09-29 00:00:00","1.3026"
"161725","2021-09-28 00:00:00","1.3059"
"161725","2021-09-27 00:00:00","1.3246"
"161725","2021-09-24 00:00:00","1.2467"
"161725","2021-09-23 00:00:00","1.2137"
"161725","2021-09-22 00:00:00","1.2098"
"161725","2021-09-17 00:00:00","1.2515"
"161725","2021-09-16 00:00:00","1.2063"
"161725","2021-09-15 00:00:00","1.1941"
"161725","2021-09-14 00:00:00","1.2296"
"161725","2021-09-13 00:00:00","1.2331"
"161725","2021-09-10 00:00:00","1.2437"
"161725","2021-09-09 00:00:00","1.2146"
"161725","2021-09-08 00:00:00","1.2166"
"161725","2021-09-07 00:00:00","1.2425"
"161725","2021-09-06 00:00:00","1.2477"
"161725","2021-09-03 00:00:00","1.2096"
"161725","2021-09-02 00:00:00","1.1996"
"161725","2021-09-01 00:00:00","1.2191"
"161725","2021-08-31 00:00:00","1.1796"
"161725","2021-08-30 00:00:00","1.2008"
"161725","2021-08-27 00:00:00","1.1893"
"161725","2021-08-26 00:00:00","1.1897"
"161725","2021-08-25 00:00:00","1.2304"
"161725","2021-08-24 00:00:00","1.1968"
"161725","2021-08-23 00:00:00","1.1689"
"161725","2021-08-20 00:00:00","1.148"
"161725","2021-08-19 00:00:00","1.2265"
"161725","2021-08-18 00:00:00","1.242"
"161725","2021-08-17 00:00:00","1.2349"
"161725","2021-08-16 00:00:00","1.2947"
"161725","2021-08-13 00:00:00","1.2914"
"161725","2021-08-12 00:00:00","1.2812"
"161725","2021-08-11 00:00:00","1.3038"
"161725","2021-08-10 00:00:00","1.3251"
"161725","2021-08-09 00:00:00","1.2445"
"161725","2021-08-06 00:00:00","1.2314"
"161725","2021-08-05 00:00:00","1.2362"
"161725","2021-08-04 00:00:00","1.2534"
"161725","2021-08-03 00:00:00","1.2736"
"161725","2021-08-02 00:00:00","1.2616"
"161725","2021-07-30 00:00:00","1.1959"
"161725","2021-07-29 00:00:00","1.2726"
"161725","2021-07-28 00:00:00","1.2922"
"161725","2021-07-27 00:00:00","1.2813"
"161725","2021-07-26 00:00:00","1.3292"
"161725","2021-07-23 00:00:00","1.4329"
"161725","2021-07-22 00:00:00","1.4665"
"161725","2021-07-21 00:00:00","1.4956"
"161725","2021-07-20 00:00:00","1.4968"
"161725","2021-07-19 00:00:00","1.4957"
"161725","2021-07-16 00:00:00","1.4826"
"161725","2021-07-15 00:00:00","1.4951"
"161725","2021-07-14 00:00:00","1.4567"
"161725","2021-07-13 00:00:00","1.4485"
"161725","2021-07-12 00:00:00","1.413"
"161725","2021-07-09 00:00:00","1.4013"
"161725","2021-07-08 00:00:00","1.4508"
"161725","2021-07-07 00:00:00","1.4733"
"161725","2021-07-06 00:00:00","1.4543"
"161725","2021-07-05 00:00:00","1.4559"
"161725","2021-07-02 00:00:00","1.4436"
"161725","2021-07-01 00:00:00","1.5033"
"161725","2021-06-30 00:00:00","1.4846"
"161725","2021-06-29 00:00:00","1.472"
"161725","2021-06-28 00:00:00","1.5025"
"161725","2021-06-25 00:00:00","1.4905"
"161725","2021-06-24 00:00:00","1.4605"
"161725","2021-06-23 00:00:00","1.4479"
"161725","2021-06-22 00:00:00","1.4993"
"161725","2021-06-21 00:00:00","1.4907"
"161725","2021-06-18 00:00:00","1.5031"
"161725","2021-06-17 00:00:00","1.5277"
"161725","2021-06-16 00:00:00","1.4978"
"161725","2021-06-15 00:00:00","1.5182"
"161725","2021-06-11 00:00:00","1.5188"
"161725","2021-06-10 00:00:00","1.5673"
"161725","2021-06-09 00:00:00","1.5412"
"161725","2021-06-08 00:00:00","1.5395"
"161725","2021-06-07 00:00:00","1.6466"
"161725","2021-06-04 00:00:00","1.6205"
"161725","2021-06-03 00:00:00","1.59"
"161725","2021-06-02 00:00:00","1.5662"
"161725","2021-06-01 00:00:00","1.5893"
"161725","2021-05-31 00:00:00","1.5704"
"161725","2021-05-28 00:00:00","1.5613"
"161725","2021-05-27 00:00:00","1.5593"
"161725","2021-05-26 00:00:00","1.5507"
"161725","2021-05-25 00:00:00","1.5642"
"161725","2021-05-24 00:00:00","1.5114"
"161725","2021-05-21 00:00:00","1.4726"
"161725","2021-05-20 00:00:00","1.4683"
"161725","2021-05-19 00:00:00","1.4331"
"161725","2021-05-18 00:00:00","1.4453"
"161725","2021-05-17 00:00:00","1.4426"
"161725","2021-05-14 00:00:00","1.415"
"161725","2021-05-13 00:00:00","1.3948"
"161725","2021-05-12 00:00:00","1.3922"
"161725","2021-05-11 00:00:00","1.3701"
"161725","2021-05-10 00:00:00","1.3236"
"161725","2021-05-07 00:00:00","1.3465"
"161725","2021-05-06 00:00:00","1.3694"
"161725","2021-04-30 00:00:00","1.4125"
"161725","2021-04-29 00:00:00","1.4291"
"161725","2021-04-28 00:00:00","1.4308"
"161725","2021-04-27 00:00:00","1.3957"
"161725","2021-04-26 00:00:00","1.3767"
"161725","2021-04-23 00:00:00","1.3967"
"161725","2021-04-22 00:00:00","1.3811"
"161725","2021-04-21 00:00:00","1.3814"
"161725","2021-04-20 00:00:00","1.3483"
"161725","2021-04-19 00:00:00","1.3331"
"161725","2021-04-19 00:00:00","1.3331"
"161725","2021-04-19 00:00:00","1.3331"
"161725","2021-04-16 00:00:00","1.3168"
"161725","2021-04-15 00:00:00","1.2852"
"161725","2021-04-14 00:00:00","1.295"
"161725","2021-04-13 00:00:00","1.2788"
"161725","2021-04-12 00:00:00","1.2674"
"161725","2021-04-09 00:00:00","1.2661"
"161725","2021-04-08 00:00:00","1.3029"
"161725","2021-04-07 00:00:00","1.2782"
"161725","2021-04-06 00:00:00","1.3374"
"161725","2021-04-02 00:00:00","1.3565"
"161725","2021-04-01 00:00:00","1.2946"
"161725","2021-03-31 00:00:00","1.264"
"161725","2021-03-30 00:00:00","1.2865"
"161725","2021-03-29 00:00:00","1.2814"
"161725","2021-03-26 00:00:00","1.2588"
"161725","2021-03-25 00:00:00","1.2145"
"161725","2021-03-24 00:00:00","1.2235"
"161725","2021-03-23 00:00:00","1.2227"
"161725","2021-03-22 00:00:00","1.2113"
"161725","2021-03-19 00:00:00","1.2058"
"161725","2021-03-18 00:00:00","1.2389"
"161725","2021-03-17 00:00:00","1.2034"
"161725","2021-03-16 00:00:00","1.1886"
"161725","2021-03-15 00:00:00","1.1572"
"161725","2021-03-12 00:00:00","1.2167"
"161725","2021-03-11 00:00:00","1.2119"
"161725","2021-03-10 00:00:00","1.1668"
"161725","2021-03-09 00:00:00","1.1255"
"161725","2021-03-08 00:00:00","1.1629"
"161725","2021-03-05 00:00:00","1.2521"
"161725","2021-03-04 00:00:00","1.2375"
"161725","2021-03-03 00:00:00","1.3024"
"161725","2021-03-02 00:00:00","1.2715"
"161725","2021-03-01 00:00:00","1.3075"
"161725","2021-02-26 00:00:00","1.2999"
"161725","2021-02-25 00:00:00","1.3373"
"161725","2021-02-24 00:00:00","1.3567"
"161725","2021-02-23 00:00:00","1.436"
"161725","2021-02-22 00:00:00","1.4313"
"161725","2021-02-19 00:00:00","1.5541"
"161725","2021-02-18 00:00:00","1.5632"
"161725","2021-02-10 00:00:00","1.6198"
"161725","2021-02-09 00:00:00","1.5439"
"161725","2021-02-08 00:00:00","1.5086"
"161725","2021-02-05 00:00:00","1.5084"
"161725","2021-02-04 00:00:00","1.492"
"161725","2021-02-03 00:00:00","1.4838"
"161725","2021-02-02 00:00:00","1.4844"
"161725","2021-02-01 00:00:00","1.4223"
"161725","2021-01-29 00:00:00","1.4254"
"161725","2021-01-28 00:00:00","1.3997"
"161725","2021-01-27 00:00:00","1.4179"
"161725","2021-01-26 00:00:00","1.4599"
"161725","2021-01-25 00:00:00","1.4934"
"161725","2021-01-22 00:00:00","1.4042"
"161725","2021-01-21 00:00:00","1.4148"
"161725","2021-01-20 00:00:00","1.3739"
"161725","2021-01-19 00:00:00","1.3634"
"161725","2021-01-18 00:00:00","1.3915"
"161725","2021-01-15 00:00:00","1.4176"
"161725","2021-01-14 00:00:00","1.4629"
"161725","2021-01-13 00:00:00","1.5102"
"161725","2021-01-12 00:00:00","1.5243"
"161725","2021-01-11 00:00:00","1.4791"
"161725","2021-01-08 00:00:00","1.5287"
"161725","2021-01-07 00:00:00","1.5758"
"161725","2021-01-06 00:00:00","1.5533"
"161725","2021-01-05 00:00:00","1.5488"
"161725","2021-01-04 00:00:00","1.4734"
"110011","2022-03-04 00:00:00","6.3155"
"110011","2022-03-03 00:00:00","6.4815"
"110011","2022-03-02 00:00:00","6.5767"
"110011","2022-03-01 00:00:00","6.6448"
"110011","2022-02-28 00:00:00","6.5628"
"110011","2022-02-25 00:00:00","6.5711"
"110011","2022-02-24 00:00:00","6.5338"
"110011","2022-02-23 00:00:00","6.7717"
"110011","2022-02-22 00:00:00","6.7266"
"110011","2022-02-21 00:00:00","6.8702"
"110011","2022-02-18 00:00:00","6.945"
"110011","2022-02-17 00:00:00","7.0072"
"110011","2022-02-16 00:00:00","7.0173"
"110011","2022-02-15 00:00:00","6.9462"
"110011","2022-02-14 00:00:00","6.941"
"110011","2022-02-11 00:00:00","6.9822"
"110011","2022-02-10 00:00:00","7.0114"
"110011","2022-02-09 00:00:00","7.0017"
"110011","2022-02-08 00:00:00","6.7927"
"110011","2022-02-07 00:00:00","6.8949"
"110011","2022-01-28 00:00:00","6.7429"
"110011","2022-01-27 00:00:00","6.8807"
"110011","2022-01-26 00:00:00","7.0253"
"110011","2022-01-25 00:00:00","6.9968"
"110011","2022-01-24 00:00:00","7.1164"
"110011","2022-01-21 00:00:00","7.245"
"110011","2022-01-20 00:00:00","7.2036"
"110011","2022-01-19 00:00:00","6.9772"
"110011","2022-01-18 00:00:00","6.9792"
"110011","2022-01-17 00:00:00","6.9379"
"110011","2022-01-14 00:00:00","6.9366"
"110011","2022-01-13 00:00:00","6.997"
"110011","2022-01-12 00:00:00","7.165"
"110011","2022-01-11 00:00:00","6.9931"
"110011","2022-01-10 00:00:00","7.0319"
"110011","2022-01-07 00:00:00","6.9868"
"110011","2022-01-06 00:00:00","6.9277"
"110011","2022-01-05 00:00:00","6.9777"
"110011","2022-01-04 00:00:00","7.093"
"110011","2021-12-31 00:00:00","7.1595"
"110011","2021-12-30 00:00:00","7.0819"
"110011","2021-12-29 00:00:00","7.0286"
"110011","2021-12-28 00:00:00","7.2456"
"110011","2021-12-27 00:00:00","7.2259"
"110011","2021-12-24 00:00:00","7.2888"
"110011","2021-12-23 00:00:00","7.2457"
"110011","2021-12-22 00:00:00","7.1912"
"110011","2021-12-21 00:00:00","7.1727"
"110011","2021-12-20 00:00:00","7.1505"
"110011","2021-12-17 00:00:00","7.2115"
"110011","2021-12-16 00:00:00","7.3918"
"110011","2021-12-15 00:00:00","7.4339"
"110011","2021-12-14 00:00:00","7.5212"
"110011","2021-12-13 00:00:00","7.563"
"110011","2021-12-10 00:00:00","7.535"
"110011","2021-12-09 00:00:00","7.5672"
"110011","2021-12-08 00:00:00","7.4635"
"110011","2021-12-07 00:00:00","7.3282"
"110011","2021-12-06 00:00:00","7.2206"
"110011","2021-12-03 00:00:00","7.293"
"110011","2021-12-02 00:00:00","7.2155"
"110011","2021-12-01 00:00:00","7.1856"
"110011","2021-11-30 00:00:00","7.1475"
"110011","2021-11-29 00:00:00","7.2722"
"110011","2021-11-26 00:00:00","7.264"
"110011","2021-11-25 00:00:00","7.3865"
"110011","2021-11-24 00:00:00","7.3748"
"110011","2021-11-23 00:00:00","7.2971"
"110011","2021-11-22 00:00:00","7.3808"
"110011","2021-11-19 00:00:00","7.3683"
"110011","2021-11-18 00:00:00","7.2844"
"110011","2021-11-17 00:00:00","7.3756"
"110011","2021-11-16 00:00:00","7.4262"
"110011","2021-11-15 00:00:00","7.3201"
"110011","2021-11-12 00:00:00","7.2896"
"110011","2021-11-11 00:00:00","7.2894"
"110011","2021-11-10 00:00:00","7.2147"
"110011","2021-11-09 00:00:00","7.2417"
"110011","2021-11-08 00:00:00","7.2873"
"110011","2021-11-05 00:00:00","7.3386"
"110011","2021-11-04 00:00:00","7.3897"
"110011","2021-11-03 00:00:00","7.2266"
"110011","2021-11-02 00:00:00","7.2782"
"110011","2021-11-01 00:00:00","7.3869"
"110011","2021-10-29 00:00:00","7.4524"
"110011","2021-10-28 00:00:00","7.4385"
"110011","2021-10-27 00:00:00","7.414"
"110011","2021-10-26 00:00:00","7.5677"
"110011","2021-10-25 00:00:00","7.5831"
"110011","2021-10-22 00:00:00","7.6275"
"110011","2021-10-21 00:00:00","7.5379"
"110011","2021-10-20 00:00:00","7.5214"
"110011","2021-10-19 00:00:00","7.4798"
"110011","2021-10-18 00:00:00","7.3794"
"110011","2021-10-15 00:00:00","7.6038"
"110011","2021-10-14 00:00:00","7.57"
"110011","2021-10-13 00:00:00","7.6068"
"110011","2021-10-12 00:00:00","7.4845"
"110011","2021-10-11 00:00:00","7.5501"
"110011","2021-10-08 00:00:00","7.4407"
"110011","2021-09-30 00:00:00","7.2498"
"110011","2021-09-29 00:00:00","7.2437"
"110011","2021-09-28 00:00:00","7.2563"
"110011","2021-09-27 00:00:00","7.228"
"110011","2021-09-24 00:00:00","7.0217"
"110011","2021-09-23 00:00:00","6.9661"
"110011","2021-09-22 00:00:00","6.9511"
"110011","2021-09-17 00:00:00","7.1322"
"110011","2021-09-16 00:00:00","7.0228"
"110011","2021-09-15 00:00:00","7.0435"
"110011","2021-09-14 00:00:00","7.1883"
"110011","2021-09-13 00:00:00","7.3169"
"110011","2021-09-10 00:00:00","7.3601"
"110011","2021-09-09 00:00:00","7.3889"
"110011","2021-09-08 00:00:00","7.4251"
"110011","2021-09-07 00:00:00","7.4038"
"110011","2021-09-06 00:00:00","7.3793"
"110011","2021-09-03 00:00:00","7.2837"
"110011","2021-09-02 00:00:00","7.2095"
"110011","2021-09-01 00:00:00","7.2393"
"110011","2021-08-31 00:00:00","7.0936"
"110011","2021-08-30 00:00:00","7.1102"
"110011","2021-08-27 00:00:00","7.1727"
"110011","2021-08-26 00:00:00","7.2387"
"110011","2021-08-25 00:00:00","7.3705"
"110011","2021-08-24 00:00:00","7.3457"
"110011","2021-08-23 00:00:00","7.2939"
"110011","2021-08-20 00:00:00","7.24"
"110011","2021-08-19 00:00:00","7.3691"
"110011","2021-08-18 00:00:00","7.4014"
"110011","2021-08-17 00:00:00","7.3699"
"110011","2021-08-16 00:00:00","7.5064"
"110011","2021-08-13 00:00:00","7.5039"
"110011","2021-08-12 00:00:00","7.5011"
"110011","2021-08-11 00:00:00","7.5934"
"110011","2021-08-10 00:00:00","7.6213"
"110011","2021-08-09 00:00:00","7.513"
"110011","2021-08-06 00:00:00","7.3431"
"110011","2021-08-05 00:00:00","7.4251"
"110011","2021-08-04 00:00:00","7.4629"
"110011","2021-08-03 00:00:00","7.4972"
"110011","2021-08-02 00:00:00","7.4608"
"110011","2021-07-30 00:00:00","7.324"
"110011","2021-07-29 00:00:00","7.3659"
"110011","2021-07-28 00:00:00","7.3585"
"110011","2021-07-27 00:00:00","7.3299"
"110011","2021-07-26 00:00:00","7.5309"
"110011","2021-07-23 00:00:00","7.7282"
"110011","2021-07-22 00:00:00","7.8356"
"110011","2021-07-21 00:00:00","7.898"
"110011","2021-07-20 00:00:00","7.901"
"110011","2021-07-19 00:00:00","7.8448"
"110011","2021-07-16 00:00:00","7.84"
"110011","2021-07-15 00:00:00","7.9151"
"110011","2021-07-14 00:00:00","7.9214"
"110011","2021-07-13 00:00:00","7.9031"
"110011","2021-07-12 00:00:00","7.8911"
"110011","2021-07-09 00:00:00","7.7934"
"110011","2021-07-08 00:00:00","7.7963"
"110011","2021-07-07 00:00:00","7.9004"
"110011","2021-07-06 00:00:00","7.8797"
"110011","2021-07-05 00:00:00","7.9626"
"110011","2021-07-02 00:00:00","7.9752"
"110011","2021-07-01 00:00:00","8.1121"
"110011","2021-06-30 00:00:00","8.0823"
"110011","2021-06-29 00:00:00","8.0593"
"110011","2021-06-28 00:00:00","8.092"
"110011","2021-06-25 00:00:00","8.0645"
"110011","2021-06-24 00:00:00","7.9488"
"110011","2021-06-23 00:00:00","7.9587"
"110011","2021-06-22 00:00:00","8.024"
"110011","2021-06-21 00:00:00","7.9727"
"110011","2021-06-18 00:00:00","7.9397"
"110011","2021-06-17 00:00:00","7.9812"
"110011","2021-06-16 00:00:00","7.9832"
"110011","2021-06-15 00:00:00","8.0527"
"110011","2021-06-11 00:00:00","8.0963"
"110011","2021-06-10 00:00:00","8.1849"
"110011","2021-06-09 00:00:00","8.171"
"110011","2021-06-08 00:00:00","8.161"
"110011","2021-06-07 00:00:00","8.2918"
"110011","2021-06-04 00:00:00","8.2736"
"110011","2021-06-03 00:00:00","8.2622"
"110011","2021-06-02 00:00:00","8.2774"
"110011","2021-06-01 00:00:00","8.4361"
"110011","2021-05-31 00:00:00","8.4158"
"110011","2021-05-28 00:00:00","8.4673"
"110011","2021-05-27 00:00:00","8.6118"
"110011","2021-05-26 00:00:00","8.5267"
"110011","2021-05-25 00:00:00","8.5903"
"110011","2021-05-24 00:00:00","8.3657"
"110011","2021-05-21 00:00:00","8.2243"
"110011","2021-05-20 00:00:00","8.2839"
"110011","2021-05-19 00:00:00","8.2393"
"110011","2021-05-18 00:00:00","8.2887"
"110011","2021-05-17 00:00:00","8.2771"
"110011","2021-05-14 00:00:00","8.1498"
"110011","2021-05-13 00:00:00","8.0174"
"110011","2021-05-12 00:00:00","8.0009"
"110011","2021-05-11 00:00:00","7.9135"
"110011","2021-05-10 00:00:00","7.7734"
"110011","2021-05-07 00:00:00","7.807"
"110011","2021-05-06 00:00:00","7.9487"
"110011","2021-04-30 00:00:00","8.1308"
"110011","2021-04-29 00:00:00","8.1774"
"110011","2021-04-28 00:00:00","8.2293"
"110011","2021-04-27 00:00:00","8.1824"
"110011","2021-04-26 00:00:00","8.0569"
"110011","2021-04-23 00:00:00","8.1364"
"110011","2021-04-22 00:00:00","8.0666"
"110011","2021-04-21 00:00:00","8.0931"
"110011","2021-04-20 00:00:00","8.0376"
"110011","2021-04-19 00:00:00","8.0111"
"110011","2021-04-16 00:00:00","7.8751"
"110011","2021-04-15 00:00:00","7.8549"
"110011","2021-04-14 00:00:00","7.8737"
"110011","2021-04-13 00:00:00","7.7885"
"110011","2021-04-12 00:00:00","7.6936"
"110011","2021-04-09 00:00:00","7.8208"
"110011","2021-04-08 00:00:00","7.9709"
"110011","2021-04-07 00:00:00","7.9267"
"110011","2021-04-06 00:00:00","8.1069"
"110011","2021-04-02 00:00:00","8.1997"
"110011","2021-04-01 00:00:00","8.04"
"110011","2021-03-31 00:00:00","7.8845"
"110011","2021-03-30 00:00:00","7.9502"
"110011","2021-03-29 00:00:00","7.9029"
"110011","2021-03-26 00:00:00","7.8646"
"110011","2021-03-25 00:00:00","7.6118"
"110011","2021-03-24 00:00:00","7.6024"
"110011","2021-03-23 00:00:00","7.7013"
"110011","2021-03-22 00:00:00","7.7132"
"110011","2021-03-19 00:00:00","7.6661"
"110011","2021-03-18 00:00:00","7.8678"
"110011","2021-03-17 00:00:00","7.7298"
"110011","2021-03-16 00:00:00","7.6745"
"110011","2021-03-15 00:00:00","7.5456"
"110011","2021-03-12 00:00:00","7.7577"
"110011","2021-03-11 00:00:00","7.7687"
"110011","2021-03-10 00:00:00","7.4913"
"110011","2021-03-09 00:00:00","7.3781"
"110011","2021-03-08 00:00:00","7.6297"
"110011","2021-03-05 00:00:00","8.0584"
"110011","2021-03-04 00:00:00","8.0329"
"110011","2021-03-03 00:00:00","8.3224"
"110011","2021-03-02 00:00:00","8.1396"
"110011","2021-03-01 00:00:00","8.2787"
"110011","2021-02-26 00:00:00","8.1925"
"110011","2021-02-25 00:00:00","8.4677"
"110011","2021-02-24 00:00:00","9.4782"
"110011","2021-02-23 00:00:00","9.925"
"110011","2021-02-22 00:00:00","9.9651"
"110011","2021-02-19 00:00:00","10.4276"
"110011","2021-02-18 00:00:00","10.3955"
"110011","2021-02-10 00:00:00","10.7389"
"110011","2021-02-09 00:00:00","10.4557"
"110011","2021-02-08 00:00:00","10.2111"
"110011","2021-02-05 00:00:00","10.1126"
"110011","2021-02-04 00:00:00","9.9586"
"110011","2021-02-03 00:00:00","9.9112"
"110011","2021-02-02 00:00:00","9.8589"
"110011","2021-02-01 00:00:00","9.6853"
"110011","2021-01-29 00:00:00","9.5587"
"110011","2021-01-28 00:00:00","9.5183"
"110011","2021-01-27 00:00:00","9.739"
"110011","2021-01-26 00:00:00","9.7718"
"110011","2021-01-25 00:00:00","9.8992"
"110011","2021-01-22 00:00:00","9.6696"
"110011","2021-01-21 00:00:00","9.5737"
"110011","2021-01-20 00:00:00","9.4016"
"110011","2021-01-19 00:00:00","9.3708"
"110011","2021-01-18 00:00:00","9.5075"
"110011","2021-01-15 00:00:00","9.4816"
"110011","2021-01-14 00:00:00","9.5508"
"110011","2021-01-13 00:00:00","9.6807"
"110011","2021-01-12 00:00:00","9.7948"
"110011","2021-01-11 00:00:00","9.5644"
"110011","2021-01-08 00:00:00","9.7189"
"110011","2021-01-07 00:00:00","9.8103"
"110011","2021-01-06 00:00:00","9.7144"
"110011","2021-01-05 00:00:00","9.6094"
"110011","2021-01-04 00:00:00","9.2628"
"004812","2022-03-04 00:00:00","3.1553"
"004812","2022-03-03 00:00:00","3.2062"
"004812","2022-03-02 00:00:00","3.2723"
"004812","2022-03-01 00:00:00","3.3016"
"004812","2022-02-28 00:00:00","3.3027"
"004812","2022-02-25 00:00:00","3.2389"
"004812","2022-02-24 00:00:00","3.1812"
"004812","2022-02-23 00:00:00","3.1883"
"004812","2022-02-22 00:00:00","3.0903"
"004812","2022-02-21 00:00:00","3.067"
"004812","2022-02-18 00:00:00","3.0865"
"004812","2022-02-17 00:00:00","3.1222"
"004812","2022-02-16 00:00:00","3.0434"
"004812","2022-02-15 00:00:00","3.0413"
"004812","2022-02-14 00:00:00","2.9186"
"004812","2022-02-11 00:00:00","2.9145"
"004812","2022-02-10 00:00:00","2.9804"
"004812","2022-02-09 00:00:00","3.0922"
"004812","2022-02-08 00:00:00","3.0751"
"004812","2022-02-07 00:00:00","3.2095"
"004812","2022-01-28 00:00:00","3.1689"
"004812","2022-01-27 00:00:00","3.2227"
"004812","2022-01-26 00:00:00","3.3327"
"004812","2022-01-25 00:00:00","3.2745"
"004812","2022-01-24 00:00:00","3.344"
"004812","2022-01-21 00:00:00","3.2583"
"004812","2022-01-20 00:00:00","3.2525"
"004812","2022-01-19 00:00:00","3.2702"
"004812","2022-01-18 00:00:00","3.3638"
"004812","2022-01-17 00:00:00","3.3842"
"004812","2022-01-14 00:00:00","3.3302"
"004812","2022-01-13 00:00:00","3.2613"
"004812","2022-01-12 00:00:00","3.3046"
"004812","2022-01-11 00:00:00","3.1801"
"004812","2022-01-10 00:00:00","3.2329"
"004812","2022-01-07 00:00:00","3.2499"
"004812","2022-01-06 00:00:00","3.2984"
"004812","2022-01-05 00:00:00","3.2992"
"004812","2022-01-04 00:00:00","3.4277"
"004812","2021-12-31 00:00:00","3.5633"
"004812","2021-12-30 00:00:00","3.4932"
"004812","2021-12-29 00:00:00","3.4864"
"004812","2021-12-28 00:00:00","3.4913"
"004812","2021-12-27 00:00:00","3.4203"
"004812","2021-12-24 00:00:00","3.4279"
"004812","2021-12-23 00:00:00","3.5466"
"004812","2021-12-22 00:00:00","3.519"
"004812","2021-12-21 00:00:00","3.5059"
"004812","2021-12-20 00:00:00","3.503"
"004812","2021-12-17 00:00:00","3.6352"
"004812","2021-12-16 00:00:00","3.7353"
"004812","2021-12-15 00:00:00","3.7063"
"004812","2021-12-14 00:00:00","3.7227"
"004812","2021-12-13 00:00:00","3.7765"
"004812","2021-12-10 00:00:00","3.7932"
"004812","2021-12-09 00:00:00","3.726"
"004812","2021-12-08 00:00:00","3.734"
"004812","2021-12-07 00:00:00","3.6625"
"004812","2021-12-06 00:00:00","3.7006"
"004812","2021-12-03 00:00:00","3.7674"
"004812","2021-12-02 00:00:00","3.7824"
"004812","2021-12-01 00:00:00","3.7766"
"004812","2021-11-30 00:00:00","3.8228"
"004812","2021-11-29 00:00:00","3.8449"
"004812","2021-11-26 00:00:00","3.7672"
"004812","2021-11-25 00:00:00","3.7194"
"004812","2021-11-24 00:00:00","3.7772"
"004812","2021-11-23 00:00:00","3.8713"
"004812","2021-11-22 00:00:00","3.9073"
"004812","2021-11-19 00:00:00","3.7698"
"004812","2021-11-18 00:00:00","3.733"
"004812","2021-11-17 00:00:00","3.7519"
"004812","2021-11-16 00:00:00","3.6817"
"004812","2021-11-15 00:00:00","3.7282"
"004812","2021-11-12 00:00:00","3.8642"
"004812","2021-11-11 00:00:00","3.8552"
"004812","2021-11-10 00:00:00","3.844"
"004812","2021-11-09 00:00:00","3.9127"
"004812","2021-11-08 00:00:00","3.9086"
"004812","2021-11-05 00:00:00","3.8187"
"004812","2021-11-04 00:00:00","3.8729"
"004812","2021-11-03 00:00:00","3.804"
"004812","2021-11-02 00:00:00","3.9288"
"004812","2021-11-01 00:00:00","3.9298"
"004812","2021-10-29 00:00:00","3.9855"
"004812","2021-10-28 00:00:00","3.8691"
"004812","2021-10-27 00:00:00","3.9238"
"004812","2021-10-26 00:00:00","3.8498"
"004812","2021-10-25 00:00:00","3.8828"
"004812","2021-10-22 00:00:00","3.7351"
"004812","2021-10-21 00:00:00","3.7454"
"004812","2021-10-20 00:00:00","3.8232"
"004812","2021-10-19 00:00:00","3.751"
"004812","2021-10-18 00:00:00","3.7692"
"004812","2021-10-15 00:00:00","3.693"
"004812","2021-10-14 00:00:00","3.5963"
"004812","2021-10-13 00:00:00","3.5431"
"004812","2021-10-12 00:00:00","3.3732"
"004812","2021-10-11 00:00:00","3.3913"
"004812","2021-10-08 00:00:00","3.4074"
"004812","2021-09-30 00:00:00","3.5015"
"004812","2021-09-29 00:00:00","3.404"
"004812","2021-09-28 00:00:00","3.424"
"004812","2021-09-27 00:00:00","3.5096"
"004812","2021-09-24 00:00:00","3.5146"
"004812","2021-09-23 00:00:00","3.4532"
"004812","2021-09-22 00:00:00","3.4587"
"004812","2021-09-17 00:00:00","3.4895"
"004812","2021-09-16 00:00:00","3.4788"
"004812","2021-09-15 00:00:00","3.6615"
"004812","2021-09-14 00:00:00","3.6272"
"004812","2021-09-13 00:00:00","3.569"
"004812","2021-09-10 00:00:00","3.6462"
"004812","2021-09-09 00:00:00","3.5974"
"004812","2021-09-08 00:00:00","3.5839"
"004812","2021-09-07 00:00:00","3.6855"
"004812","2021-09-06 00:00:00","3.6198"
"004812","2021-09-03 00:00:00","3.592"
"004812","2021-09-02 00:00:00","3.7324"
"004812","2021-09-01 00:00:00","3.6672"
"004812","2021-08-31 00:00:00","3.8778"
"004812","2021-08-30 00:00:00","3.9246"
"004812","2021-08-27 00:00:00","3.7972"
"004812","2021-08-26 00:00:00","3.7364"
"004812","2021-08-25 00:00:00","3.7886"
"004812","2021-08-24 00:00:00","3.7059"
"004812","2021-08-23 00:00:00","3.637"
"004812","2021-08-20 00:00:00","3.5368"
"004812","2021-08-19 00:00:00","3.5474"
"004812","2021-08-18 00:00:00","3.4533"
"004812","2021-08-17 00:00:00","3.4795"
"004812","2021-08-16 00:00:00","3.5052"
"004812","2021-08-13 00:00:00","3.5775"
"004812","2021-08-12 00:00:00","3.6274"
"004812","2021-08-11 00:00:00","3.6418"
"004812","2021-08-10 00:00:00","3.6816"
"004812","2021-08-09 00:00:00","3.7212"
"004812","2021-08-06 00:00:00","3.7857"
"004812","2021-08-05 00:00:00","3.7535"
"004812","2021-08-04 00:00:00","3.7286"
"004812","2021-08-03 00:00:00","3.5135"
"004812","2021-08-02 00:00:00","3.662"
"004812","2021-07-30 00:00:00","3.6194"
"004812","2021-07-29 00:00:00","3.5943"
"004812","2021-07-28 00:00:00","3.3763"
"004812","2021-07-27 00:00:00","3.327"
"004812","2021-07-26 00:00:00","3.526"
"004812","2021-07-23 00:00:00","3.5641"
"004812","2021-07-22 00:00:00","3.5625"
"004812","2021-07-21 00:00:00","3.5016"
"004812","2021-07-20 00:00:00","3.3357"
"004812","2021-07-19 00:00:00","3.2888"
"004812","2021-07-16 00:00:00","3.2931"
"004812","2021-07-15 00:00:00","3.4014"
"004812","2021-07-14 00:00:00","3.3033"
"004812","2021-07-13 00:00:00","3.4052"
"004812","2021-07-12 00:00:00","3.4346"
"004812","2021-07-09 00:00:00","3.3433"
"004812","2021-07-08 00:00:00","3.3192"
"004812","2021-07-07 00:00:00","3.2807"
"004812","2021-07-06 00:00:00","3.1109"
"004812","2021-07-05 00:00:00","3.1439"
"004812","2021-07-02 00:00:00","3.0882"
"004812","2021-07-01 00:00:00","3.1644"
"004812","2021-06-30 00:00:00","3.2038"
"004812","2021-06-29 00:00:00","3.1563"
"004812","2021-06-28 00:00:00","3.0934"
"004812","2021-06-25 00:00:00","3.0384"
"004812","2021-06-24 00:00:00","3.0082"
"004812","2021-06-23 00:00:00","3.0198"
"004812","2021-06-22 00:00:00","2.9638"
"004812","2021-06-21 00:00:00","2.9716"
"004812","2021-06-18 00:00:00","2.9173"
"004812","2021-06-17 00:00:00","2.8072"
"004812","2021-06-16 00:00:00","2.741"
"004812","2021-06-15 00:00:00","2.9048"
"004812","2021-06-11 00:00:00","2.9204"
"004812","2021-06-10 00:00:00","2.8345"
"004812","2021-06-09 00:00:00","2.7202"
"004812","2021-06-08 00:00:00","2.7048"
"004812","2021-06-07 00:00:00","2.7213"
"004812","2021-06-04 00:00:00","2.7583"
"004812","2021-06-03 00:00:00","2.7375"
"004812","2021-06-02 00:00:00","2.7872"
"004812","2021-06-01 00:00:00","2.8075"
"004812","2021-05-31 00:00:00","2.831"
"004812","2021-05-28 00:00:00","2.7268"
"004812","2021-05-27 00:00:00","2.6635"
"004812","2021-05-26 00:00:00","2.6449"
"004812","2021-05-25 00:00:00","2.6719"
"004812","2021-05-24 00:00:00","2.6323"
"004812","2021-05-21 00:00:00","2.6275"
"004812","2021-05-20 00:00:00","2.628"
"004812","2021-05-19 00:00:00","2.6306"
"004812","2021-05-18 00:00:00","2.5885"
"004812","2021-05-17 00:00:00","2.5878"
"004812","2021-05-14 00:00:00","2.4909"
"004812","2021-05-13 00:00:00","2.4552"
"004812","2021-05-12 00:00:00","2.5"
"004812","2021-05-11 00:00:00","2.4972"
"004812","2021-05-10 00:00:00","2.5392"
"004812","2021-05-07 00:00:00","2.5162"
"004812","2021-05-06 00:00:00","2.5915"
"004812","2021-04-30 00:00:00","2.6049"
"004812","2021-04-29 00:00:00","2.5674"
"004812","2021-04-28 00:00:00","2.5721"
"004812","2021-04-27 00:00:00","2.5272"
"004812","2021-04-26 00:00:00","2.5271"
"004812","2021-04-23 00:00:00","2.5522"
"004812","2021-04-22 00:00:00","2.5283"
"004812","2021-04-21 00:00:00","2.5229"
"004812","2021-04-20 00:00:00","2.5284"
"004812","2021-04-19 00:00:00","2.5193"
"004812","2021-04-19 00:00:00","2.5193"
"004812","2021-04-16 00:00:00","2.412"
"004812","2021-04-15 00:00:00","2.4246"
"004812","2021-04-14 00:00:00","2.4185"
"004812","2021-04-13 00:00:00","2.3567"
"004812","2021-04-12 00:00:00","2.3456"
"004812","2021-04-09 00:00:00","2.4095"
"004812","2021-04-08 00:00:00","2.4512"
"004812","2021-04-07 00:00:00","2.4599"
"004812","2021-04-06 00:00:00","2.4931"
"004812","2021-04-02 00:00:00","2.4628"
"004812","2021-04-01 00:00:00","2.4477"
"004812","2021-03-31 00:00:00","2.405"
"004812","2021-03-30 00:00:00","2.424"
"004812","2021-03-29 00:00:00","2.3701"
"004812","2021-03-26 00:00:00","2.3708"
"004812","2021-03-25 00:00:00","2.2869"
"004812","2021-03-24 00:00:00","2.2594"
"004812","2021-03-23 00:00:00","2.3219"
"004812","2021-03-22 00:00:00","2.3731"
"004812","2021-03-19 00:00:00","2.3612"
"004812","2021-03-18 00:00:00","2.4237"
"004812","2021-03-17 00:00:00","2.3967"
"004812","2021-03-16 00:00:00","2.3566"
"004812","2021-03-15 00:00:00","2.348"
"004812","2021-03-12 00:00:00","2.4364"
"004812","2021-03-11 00:00:00","2.432"
"004812","2021-03-10 00:00:00","2.3635"
"004812","2021-03-09 00:00:00","2.3076"
"004812","2021-03-08 00:00:00","2.3628"
"004812","2021-03-05 00:00:00","2.4913"
"004812","2021-03-04 00:00:00","2.4799"
"004812","2021-03-03 00:00:00","2.6245"
"004812","2021-03-02 00:00:00","2.6286"
"004812","2021-03-01 00:00:00","2.6304"
"004812","2021-02-26 00:00:00","2.5587"
"004812","2021-02-25 00:00:00","2.6071"
"004812","2021-02-24 00:00:00","2.6138"
"004812","2021-02-23 00:00:00","2.7096"
"004812","2021-02-22 00:00:00","2.735"
"004812","2021-02-19 00:00:00","2.8345"
"004812","2021-02-18 00:00:00","2.9198"
"004812","2021-02-10 00:00:00","2.9731"
"004812","2021-02-09 00:00:00","2.9224"
"004812","2021-02-08 00:00:00","2.8397"
"004812","2021-02-05 00:00:00","2.7985"
"004812","2021-02-04 00:00:00","2.825"
"004812","2021-02-03 00:00:00","2.846"
"004812","2021-02-02 00:00:00","2.8603"
"004812","2021-02-01 00:00:00","2.7781"
"004812","2021-01-29 00:00:00","2.8158"
"004812","2021-01-28 00:00:00","2.8711"
"004812","2021-01-27 00:00:00","3.0005"
"004812","2021-01-26 00:00:00","2.9425"
"004812","2021-01-25 00:00:00","3.0039"
"004812","2021-01-22 00:00:00","3.0009"
"004812","2021-01-21 00:00:00","2.917"
"004812","2021-01-20 00:00:00","2.838"
"004812","2021-01-19 00:00:00","2.7345"
"004812","2021-01-18 00:00:00","2.7931"
"004812","2021-01-15 00:00:00","2.7644"
"004812","2021-01-14 00:00:00","2.7446"
"004812","2021-01-13 00:00:00","2.819"
"004812","2021-01-12 00:00:00","2.8657"
"004812","2021-01-11 00:00:00","2.8184"
"004812","2021-01-08 00:00:00","2.8883"
"004812","2021-01-07 00:00:00","2.9666"
"004812","2021-01-06 00:00:00","2.8739"
"004812","2021-01-05 00:00:00","2.8986"
"004812","2021-01-04 00:00:00","2.8677"
"002654","2021-11-03 00:00:00","1.5257"
"002654","2021-11-02 00:00:00","1.5262"
"002654","2021-11-01 00:00:00","1.5265"
"002654","2021-10-29 00:00:00","1.5274"
"002654","2021-10-28 00:00:00","1.5277"
"002654","2021-10-27 00:00:00","1.528"
"002654","2021-10-26 00:00:00","1.5283"
"002654","2021-10-25 00:00:00","1.5284"
"002654","2021-10-22 00:00:00","1.5286"
"002654","2021-10-21 00:00:00","1.5286"
"002654","2021-10-20 00:00:00","1.5287"
"002654","2021-10-19 00:00:00","1.5288"
"002654","2021-10-18 00:00:00","1.5288"
"002654","2021-10-15 00:00:00","1.529"
"002654","2021-10-14 00:00:00","1.5291"
"002654","2021-10-13 00:00:00","1.5291"
"002654","2021-10-12 00:00:00","1.5292"
"002654","2021-10-11 00:00:00","1.5292"
"002654","2021-10-08 00:00:00","1.526"
"002654","2021-09-30 00:00:00","1.5606"
"002654","2021-09-29 00:00:00","1.5167"
"002654","2021-09-28 00:00:00","1.5738"
"002654","2021-09-27 00:00:00","1.5691"
"002654","2021-09-24 00:00:00","1.6293"
"002654","2021-09-23 00:00:00","1.6629"
"002654","2021-09-22 00:00:00","1.7004"
"002654","2021-09-17 00:00:00","1.6824"
"002654","2021-09-16 00:00:00","1.6698"
"002654","2021-09-15 00:00:00","1.6943"
"002654","2021-09-14 00:00:00","1.6675"
"002654","2021-09-13 00:00:00","1.671"
"002654","2021-09-10 00:00:00","1.6516"
"002654","2021-09-09 00:00:00","1.6392"
"002654","2021-09-08 00:00:00","1.6415"
"002654","2021-09-07 00:00:00","1.6504"
"002654","2021-09-06 00:00:00","1.6277"
"002654","2021-09-03 00:00:00","1.6183"
"002654","2021-09-02 00:00:00","1.6257"
"002654","2021-09-01 00:00:00","1.6048"
"002654","2021-08-31 00:00:00","1.6284"
"002654","2021-08-30 00:00:00","1.6326"
"002654","2021-08-27 00:00:00","1.6406"
"002654","2021-08-26 00:00:00","1.6394"
"002654","2021-08-25 00:00:00","1.6452"
"002654","2021-08-24 00:00:00","1.6445"
"002654","2021-08-23 00:00:00","1.6274"
"002654","2021-08-20 00:00:00","1.6065"
"002654","2021-08-19 00:00:00","1.6169"
"002654","2021-08-18 00:00:00","1.5942"
"002654","2021-08-17 00:00:00","1.5814"
"002654","2021-08-16 00:00:00","1.6148"
"002654","2021-08-13 00:00:00","1.6418"
"002654","2021-08-12 00:00:00","1.6479"
"002654","2021-08-11 00:00:00","1.6456"
"002654","2021-08-10 00:00:00","1.6588"
"002654","2021-08-09 00:00:00","1.6516"
"002654","2021-08-06 00:00:00","1.678"
"002654","2021-08-05 00:00:00","1.6816"
"002654","2021-08-04 00:00:00","1.6814"
"002654","2021-08-03 00:00:00","1.6216"
"002654","2021-08-02 00:00:00","1.6847"
"002654","2021-07-30 00:00:00","1.6882"
"002654","2021-07-29 00:00:00","1.6745"
"002654","2021-07-28 00:00:00","1.5788"
"002654","2021-07-27 00:00:00","1.5797"
"002654","2021-07-26 00:00:00","1.6545"
"002654","2021-07-23 00:00:00","1.6496"
"002654","2021-07-22 00:00:00","1.6757"
"002654","2021-07-21 00:00:00","1.6555"
"002654","2021-07-20 00:00:00","1.5944"
"002654","2021-07-19 00:00:00","1.5848"
"002654","2021-07-16 00:00:00","1.5973"
"002654","2021-07-15 00:00:00","1.6248"
"002654","2021-07-14 00:00:00","1.6015"
"002654","2021-07-13 00:00:00","1.6319"
"002654","2021-07-12 00:00:00","1.6361"
"002654","2021-07-09 00:00:00","1.5973"
"002654","2021-07-08 00:00:00","1.5978"
"002654","2021-07-07 00:00:00","1.5886"
"002654","2021-07-06 00:00:00","1.5371"
"002654","2021-07-05 00:00:00","1.5517"
"002654","2021-07-02 00:00:00","1.5319"
"002654","2021-07-01 00:00:00","1.5622"
"002654","2021-06-30 00:00:00","1.5615"
"002654","2021-06-29 00:00:00","1.5447"
"002654","2021-06-28 00:00:00","1.5438"
"002654","2021-06-25 00:00:00","1.532"
"002654","2021-06-24 00:00:00","1.5165"
"002654","2021-06-23 00:00:00","1.5294"
"002654","2021-06-22 00:00:00","1.5221"
"002654","2021-06-21 00:00:00","1.512"
"002654","2021-06-18 00:00:00","1.494"
"002654","2021-06-17 00:00:00","1.4791"
"002654","2021-06-16 00:00:00","1.4633"
"002654","2021-06-15 00:00:00","1.4937"
"002654","2021-06-11 00:00:00","1.5034"
"002654","2021-06-10 00:00:00","1.5132"
"002654","2021-06-09 00:00:00","1.5054"
"002654","2021-06-08 00:00:00","1.5009"
"002654","2021-06-07 00:00:00","1.5142"
"002654","2021-06-04 00:00:00","1.512"
"002654","2021-06-03 00:00:00","1.5007"
"002654","2021-06-02 00:00:00","1.5108"
"002654","2021-06-01 00:00:00","1.5291"
"002654","2021-05-31 00:00:00","1.5363"
"002654","2021-05-28 00:00:00","1.5175"
"002654","2021-05-27 00:00:00","1.5249"
"002654","2021-05-26 00:00:00","1.519"
"002654","2021-05-25 00:00:00","1.5207"
"002654","2021-05-24 00:00:00","1.4939"
"002654","2021-05-21 00:00:00","1.4999"
"002654","2021-05-20 00:00:00","1.5121"
"002654","2021-05-19 00:00:00","1.5105"
"002654","2021-05-18 00:00:00","1.5206"
"002654","2021-05-17 00:00:00","1.5161"
"002654","2021-05-14 00:00:00","1.4974"
"002654","2021-05-13 00:00:00","1.4775"
"002654","2021-05-12 00:00:00","1.4919"
"002654","2021-05-11 00:00:00","1.4837"
"002654","2021-05-10 00:00:00","1.487"
"002654","2021-05-07 00:00:00","1.486"
"002654","2021-05-06 00:00:00","1.4992"
"002654","2021-04-30 00:00:00","1.4996"
"002654","2021-04-29 00:00:00","1.504"
"002654","2021-04-28 00:00:00","1.489"
"002654","2021-04-27 00:00:00","1.4797"
"002654","2021-04-26 00:00:00","1.4697"
"002654","2021-04-23 00:00:00","1.4725"
"002654","2021-04-22 00:00:00","1.4596"
"002654","2021-04-21 00:00:00","1.4536"
"002654","2021-04-20 00:00:00","1.4503"
"002654","2021-04-19 00:00:00","1.4447"
"002654","2021-04-16 00:00:00","1.416"
"002654","2021-04-15 00:00:00","1.4117"
"002654","2021-04-14 00:00:00","1.4217"
"002654","2021-04-13 00:00:00","1.4133"
"002654","2021-04-12 00:00:00","1.4168"
"002654","2021-04-09 00:00:00","1.4356"
"002654","2021-04-08 00:00:00","1.4515"
"002654","2021-04-07 00:00:00","1.4519"
"002654","2021-04-06 00:00:00","1.4592"
"002654","2021-04-02 00:00:00","1.4596"
"002654","2021-04-01 00:00:00","1.4612"
"002654","2021-03-31 00:00:00","1.4486"
"002654","2021-03-30 00:00:00","1.4564"
"002654","2021-03-29 00:00:00","1.4448"
"002654","2021-03-26 00:00:00","1.4324"
"002654","2021-03-25 00:00:00","1.4031"
"002654","2021-03-24 00:00:00","1.4028"
"002654","2021-03-23 00:00:00","1.4284"
"002654","2021-03-22 00:00:00","1.4467"
"002654","2021-03-19 00:00:00","1.4369"
"002654","2021-03-18 00:00:00","1.4698"
"002654","2021-03-17 00:00:00","1.4537"
"002654","2021-03-16 00:00:00","1.4544"
"002654","2021-03-15 00:00:00","1.4455"
"002654","2021-03-12 00:00:00","1.465"
"002654","2021-03-11 00:00:00","1.452"
"002654","2021-03-10 00:00:00","1.4143"
"002654","2021-03-09 00:00:00","1.4025"
"002654","2021-03-08 00:00:00","1.43"
"002654","2021-03-05 00:00:00","1.4711"
"002654","2021-03-04 00:00:00","1.4877"
"002654","2021-03-03 00:00:00","1.5351"
"002654","2021-03-02 00:00:00","1.5075"
"002654","2021-03-01 00:00:00","1.524"
"002654","2021-02-26 00:00:00","1.5045"
"002654","2021-02-25 00:00:00","1.555"
"002654","2021-02-24 00:00:00","1.5444"
"002654","2021-02-23 00:00:00","1.5904"
"002654","2021-02-22 00:00:00","1.583"
"002654","2021-02-19 00:00:00","1.6366"
"002654","2021-02-18 00:00:00","1.6522"
"002654","2021-02-10 00:00:00","1.6688"
"002654","2021-02-09 00:00:00","1.6544"
"002654","2021-02-08 00:00:00","1.6264"
"002654","2021-02-05 00:00:00","1.5978"
"002654","2021-02-04 00:00:00","1.6127"
"002654","2021-02-03 00:00:00","1.6183"
"002654","2021-02-02 00:00:00","1.6149"
"002654","2021-02-01 00:00:00","1.583"
"002654","2021-01-29 00:00:00","1.5645"
"002654","2021-01-28 00:00:00","1.5634"
"002654","2021-01-27 00:00:00","1.6025"
"002654","2021-01-26 00:00:00","1.6082"
"002654","2021-01-25 00:00:00","1.6464"
"002654","2021-01-22 00:00:00","1.6194"
"002654","2021-01-21 00:00:00","1.6049"
"002654","2021-01-20 00:00:00","1.578"
"002654","2021-01-19 00:00:00","1.5441"
"002654","2021-01-18 00:00:00","1.5701"
"002654","2021-01-15 00:00:00","1.5491"
"002654","2021-01-14 00:00:00","1.5501"
"002654","2021-01-13 00:00:00","1.5823"
"002654","2021-01-12 00:00:00","1.599"
"002654","2021-01-11 00:00:00","1.5673"
"002654","2021-01-08 00:00:00","1.5747"
"002654","2021-01-07 00:00:00","1.5885"
"002654","2021-01-06 00:00:00","1.5637"
"002654","2021-01-05 00:00:00","1.565"
"002654","2021-01-04 00:00:00","1.5477"
"002654","2020-12-31 00:00:00","1.5296"
"002654","2020-12-30 00:00:00","1.5048"
"002654","2020-12-29 00:00:00","1.4729"
"002654","2020-12-28 00:00:00","1.492"
"002654","2020-12-25 00:00:00","1.4873"
"002654","2020-12-24 00:00:00","1.4601"
"002654","2020-12-23 00:00:00","1.4548"
"002654","2020-12-22 00:00:00","1.4381"
"002654","2020-12-21 00:00:00","1.4542"
"002654","2020-12-18 00:00:00","1.4411"
"002654","2020-12-17 00:00:00","1.456"
"002654","2020-12-16 00:00:00","1.4409"
"002654","2020-12-15 00:00:00","1.4346"
"002654","2020-12-14 00:00:00","1.4374"
"002654","2020-12-11 00:00:00","1.4158"
"002654","2020-12-10 00:00:00","1.4293"
"002654","2020-12-09 00:00:00","1.4275"
"002654","2020-12-08 00:00:00","1.4444"
"002654","2020-12-07 00:00:00","1.4456"
"002654","2020-12-04 00:00:00","1.4612"
"002654","2020-12-03 00:00:00","1.4575"
"002654","2020-12-02 00:00:00","1.4711"
"002654","2020-12-01 00:00:00","1.4676"
"002654","2020-11-30 00:00:00","1.4396"
"002654","2020-11-27 00:00:00","1.4509"
"002654","2020-11-26 00:00:00","1.4395"
"002654","2020-11-25 00:00:00","1.4389"
"002654","2020-11-24 00:00:00","1.4578"
"002654","2020-11-23 00:00:00","1.4567"
"002654","2020-11-20 00:00:00","1.4395"
"002654","2020-11-19 00:00:00","1.4307"
"002654","2020-11-18 00:00:00","1.4159"
"002654","2020-11-17 00:00:00","1.4208"
"002654","2020-11-16 00:00:00","1.4293"
"002654","2020-11-13 00:00:00","1.4165"
"002654","2020-11-12 00:00:00","1.4211"
"002654","2020-11-11 00:00:00","1.4129"
"002654","2020-11-10 00:00:00","1.4277"
"002654","2020-11-09 00:00:00","1.4371"
"002654","2020-11-06 00:00:00","1.417"
"002654","2020-11-05 00:00:00","1.4178"
"002654","2020-11-04 00:00:00","1.3974"
"002654","2020-11-03 00:00:00","1.3891"
"002654","2020-11-02 00:00:00","1.3824"
"002654","2020-10-30 00:00:00","1.3641"
"002654","2020-10-29 00:00:00","1.3784"
"002654","2020-10-28 00:00:00","1.3781"
"002654","2020-10-27 00:00:00","1.3577"
"002654","2020-10-26 00:00:00","1.3456"
"002654","2020-10-23 00:00:00","1.3382"
"002654","2020-10-22 00:00:00","1.3754"
"002654","2020-10-21 00:00:00","1.384"
"002654","2020-10-20 00:00:00","1.3951"
"002654","2020-10-19 00:00:00","1.3792"
"002654","2020-10-16 00:00:00","1.3909"
"002654","2020-10-15 00:00:00","1.3963"
"002654","2020-10-14 00:00:00","1.404"
"002654","2020-10-13 00:00:00","1.4078"
"002654","2020-10-12 00:00:00","1.3986"
"002654","2020-10-09 00:00:00","1.3579"
"002654","2020-09-30 00:00:00","1.324"
"002654","2020-09-29 00:00:00","1.324"
"002654","2020-09-28 00:00:00","1.3109"
"002654","2020-09-25 00:00:00","1.3101"
"002654","2020-09-24 00:00:00","1.3124"
"002654","2020-09-23 00:00:00","1.3386"
"002654","2020-09-22 00:00:00","1.3346"
"002654","2020-09-21 00:00:00","1.345"
"002654","2020-09-18 00:00:00","1.3557"
"002654","2020-09-17 00:00:00","1.3334"
"002654","2020-09-16 00:00:00","1.3331"
"002654","2020-09-15 00:00:00","1.3439"
"002654","2020-09-14 00:00:00","1.3273"
"002654","2020-09-11 00:00:00","1.3193"
"002654","2020-09-10 00:00:00","1.3012"
"002654","2020-09-09 00:00:00","1.2988"
"002654","2020-09-08 00:00:00","1.3303"
"002654","2020-09-07 00:00:00","1.3315"
"002654","2020-09-04 00:00:00","1.37"
"002654","2020-09-03 00:00:00","1.3899"
"002654","2020-09-02 00:00:00","1.3985"
"002654","2020-09-01 00:00:00","1.3957"
